2026-01-01T04:15,3.8
2026-01-01T10:41,0.9
2026-01-01T16:43,3.5
2026-01-01T22:55,0.7
2026-01-02T05:12,4.0
2026-01-02T11:37,0.7
2026-01-02T17:40,3.7
2026-01-02T23:48,0.5
2026-01-03T06:04,4.2
2026-01-03T12:27,0.5
2026-01-03T18:31,3.8
2026-01-04T00:36,0.4
2026-01-04T06:51,4.4
2026-01-04T13:14,0.4
2026-01-04T19:19,3.8
2026-01-05T01:22,0.3
2026-01-05T07:37,4.4
2026-01-05T14:00,0.3
2026-01-05T20:05,3.8
2026-01-06T02:07,0.3
2026-01-06T08:22,4.3
2026-01-06T14:44,0.4
2026-01-06T20:50,3.8
2026-01-07T02:51,0.5
2026-01-07T09:07,4.1
2026-01-07T15:28,0.5
2026-01-07T21:35,3.6
2026-01-08T03:36,0.6
2026-01-08T09:52,3.9
2026-01-08T16:10,0.7
2026-01-08T22:20,3.5
2026-01-09T04:22,0.9
2026-01-09T10:37,3.6
2026-01-09T16:53,0.9
2026-01-09T23:07,3.3
2026-01-10T05:11,1.1
2026-01-10T11:25,3.3
2026-01-10T17:39,1.2
2026-01-11T00:01,3.1
2026-01-11T06:09,1.4
2026-01-11T12:20,3.0
2026-01-11T18:34,1.4
2026-01-12T01:04,3.0
2026-01-12T07:20,1.6
2026-01-12T13:24,2.9
2026-01-12T19:40,1.5
2026-01-13T02:17,3.0
2026-01-13T08:40,1.6
2026-01-13T14:37,2.8
2026-01-13T20:55,1.5
2026-01-14T03:31,3.1
2026-01-14T09:53,1.5
2026-01-14T15:49,2.9
2026-01-14T22:02,1.4
2026-01-15T04:31,3.3
2026-01-15T10:49,1.3
2026-01-15T16:46,3.0
2026-01-15T22:53,1.2
2026-01-16T05:16,3.5
2026-01-16T11:32,1.2
2026-01-16T17:30,3.2
2026-01-16T23:34,1.1
2026-01-17T05:53,3.7
2026-01-17T12:09,1.0
2026-01-17T18:07,3.3
2026-01-18T00:09,0.9
2026-01-18T06:26,3.8
2026-01-18T12:42,0.8
2026-01-18T18:41,3.5
2026-01-19T00:43,0.7
2026-01-19T06:57,4.0
2026-01-19T13:15,0.7
2026-01-19T19:13,3.6
2026-01-20T01:15,0.6
2026-01-20T07:29,4.0
2026-01-20T13:47,0.5
2026-01-20T19:45,3.7
2026-01-21T01:49,0.5
2026-01-21T08:01,4.1
2026-01-21T14:21,0.5
2026-01-21T20:19,3.7
2026-01-22T02:23,0.5
2026-01-22T08:35,4.0
2026-01-22T14:55,0.5
2026-01-22T20:55,3.7
2026-01-23T03:00,0.5
2026-01-23T09:11,3.9
2026-01-23T15:32,0.5
2026-01-23T21:34,3.6
2026-01-24T03:41,0.7
2026-01-24T09:52,3.7
2026-01-24T16:12,0.6
2026-01-24T22:19,3.5
2026-01-25T04:27,0.8
2026-01-25T10:39,3.5
2026-01-25T16:59,0.8
2026-01-25T23:11,3.4
2026-01-26T05:23,1.1
2026-01-26T11:36,3.3
2026-01-26T17:55,1.0
2026-01-27T00:15,3.3
2026-01-27T06:34,1.3
2026-01-27T12:46,3.1
2026-01-27T19:04,1.2
2026-01-28T01:31,3.2
2026-01-28T07:58,1.4
2026-01-28T14:06,3.0
2026-01-28T20:26,1.2
2026-01-29T02:54,3.3
2026-01-29T09:28,1.3
2026-01-29T15:33,3.0
2026-01-29T21:48,1.1
2026-01-30T04:11,3.5
2026-01-30T10:42,1.0
2026-01-30T16:46,3.3
2026-01-30T22:54,0.9
2026-01-31T05:12,3.8
2026-01-31T11:38,0.7
2026-01-31T17:42,3.5
2026-01-31T23:46,0.6
2026-02-01T06:01,4.1
2026-02-01T12:24,0.5
2026-02-01T18:27,3.7
2026-02-02T00:31,0.3
2026-02-02T06:43,4.3
2026-02-02T13:05,0.3
2026-02-02T19:08,3.9
2026-02-03T01:12,0.2
2026-02-03T07:23,4.3
2026-02-03T13:43,0.2
2026-02-03T19:47,3.9
2026-02-04T01:51,0.2
2026-02-04T08:01,4.3
2026-02-04T14:19,0.2
2026-02-04T20:25,3.9
2026-02-05T02:29,0.2
2026-02-05T08:39,4.1
2026-02-05T14:54,0.3
2026-02-05T21:01,3.8
2026-02-06T03:06,0.4
2026-02-06T09:15,3.9
2026-02-06T15:28,0.5
2026-02-06T21:38,3.6
2026-02-07T03:44,0.7
2026-02-07T09:52,3.6
2026-02-07T16:02,0.8
2026-02-07T22:16,3.4
2026-02-08T04:23,1.0
2026-02-08T10:31,3.3
2026-02-08T16:38,1.0
2026-02-08T22:59,3.2
2026-02-09T05:09,1.3
2026-02-09T11:15,3.0
2026-02-09T17:20,1.3
2026-02-09T23:53,3.0
2026-02-10T06:09,1.6
2026-02-10T12:15,2.7
2026-02-10T18:20,1.6
2026-02-11T01:02,2.8
2026-02-11T07:36,1.7
2026-02-11T13:37,2.6
2026-02-11T19:51,1.7
2026-02-12T02:33,2.8
2026-02-12T09:14,1.7
2026-02-12T15:16,2.6
2026-02-12T21:34,1.6
2026-02-13T04:08,3.0
2026-02-13T10:33,1.5
2026-02-13T16:30,2.8
2026-02-13T22:38,1.4
2026-02-14T04:58,3.3
2026-02-14T11:17,1.2
2026-02-14T17:15,3.1
2026-02-14T23:19,1.1
2026-02-15T05:34,3.6
2026-02-15T11:52,0.9
2026-02-15T17:50,3.3
2026-02-15T23:53,0.8
2026-02-16T06:06,3.8
2026-02-16T12:23,0.7
2026-02-16T18:22,3.5
2026-02-17T00:25,0.6
2026-02-17T06:36,4.0
2026-02-17T12:53,0.4
2026-02-17T18:52,3.7
2026-02-18T00:57,0.4
2026-02-18T07:06,4.1
2026-02-18T13:23,0.2
2026-02-18T19:23,3.9
2026-02-19T01:29,0.2
2026-02-19T07:37,4.2
2026-02-19T13:54,0.1
2026-02-19T19:55,4.0
2026-02-20T02:03,0.2
2026-02-20T08:10,4.1
2026-02-20T14:27,0.1
2026-02-20T20:29,4.0
2026-02-21T02:38,0.2
2026-02-21T08:45,4.0
2026-02-21T15:02,0.2
2026-02-21T21:06,3.9
2026-02-22T03:17,0.4
2026-02-22T09:24,3.8
2026-02-22T15:40,0.4
2026-02-22T21:49,3.7
2026-02-23T04:02,0.7
2026-02-23T10:10,3.5
2026-02-23T16:24,0.7
2026-02-23T22:40,3.5
2026-02-24T04:57,1.0
2026-02-24T11:08,3.2
2026-02-24T17:21,1.0
2026-02-24T23:47,3.2
2026-02-25T06:10,1.3
2026-02-25T12:24,2.9
2026-02-25T18:37,1.3
2026-02-26T01:12,3.1
2026-02-26T07:47,1.4
2026-02-26T13:59,2.7
2026-02-26T20:17,1.4
2026-02-27T02:50,3.1
2026-02-27T09:32,1.3
2026-02-27T15:41,2.9
2026-02-27T21:52,1.2
2026-02-28T04:13,3.4
2026-02-28T10:45,1.0
2026-02-28T16:50,3.2
2026-02-28T22:54,0.8
2026-03-01T05:07,3.7
2026-03-01T11:32,0.7
2026-03-01T17:36,3.5
2026-03-01T23:39,0.5
2026-03-02T05:49,4.0
2026-03-02T12:10,0.4
2026-03-02T18:14,3.7
2026-03-03T00:18,0.3
2026-03-03T06:26,4.1
2026-03-03T12:44,0.2
2026-03-03T18:49,3.9
2026-03-04T00:54,0.1
2026-03-04T07:01,4.2
2026-03-04T13:17,0.1
2026-03-04T19:23,4.0
2026-03-05T01:29,0.1
2026-03-05T07:35,4.1
2026-03-05T13:48,0.1
2026-03-05T19:55,4.0
2026-03-06T02:03,0.2
2026-03-06T08:07,4.0
2026-03-06T14:19,0.2
2026-03-06T20:27,3.9
2026-03-07T02:36,0.3
2026-03-07T08:40,3.8
2026-03-07T14:48,0.4
2026-03-07T20:59,3.7
2026-03-08T03:09,0.6
2026-03-08T09:12,3.5
2026-03-08T15:17,0.7
2026-03-08T21:31,3.5
2026-03-09T03:43,0.9
2026-03-09T09:46,3.2
2026-03-09T15:48,0.9
2026-03-09T22:08,3.3
2026-03-10T04:23,1.2
2026-03-10T10:25,3.0
2026-03-10T16:24,1.2
2026-03-10T22:57,3.0
2026-03-11T05:17,1.5
2026-03-11T11:21,2.7
2026-03-11T17:17,1.5
2026-03-11T23:59,2.8
2026-03-12T06:38,1.7
2026-03-12T12:43,2.5
2026-03-12T18:47,1.7
2026-03-13T01:28,2.7
2026-03-13T08:10,1.7
2026-03-13T14:33,2.5
2026-03-13T20:53,1.7
2026-03-14T03:30,2.9
2026-03-14T10:04,1.5
2026-03-14T16:01,2.7
2026-03-14T22:10,1.4
2026-03-15T04:25,3.2
2026-03-15T10:48,1.1
2026-03-15T16:48,3.0
2026-03-15T22:53,1.1
2026-03-16T05:03,3.5
2026-03-16T11:21,0.8
2026-03-16T17:22,3.3
2026-03-16T23:28,0.7
2026-03-17T05:35,3.7
2026-03-17T11:52,0.5
2026-03-17T17:53,3.6
2026-03-18T00:00,0.4
2026-03-18T06:06,3.9
2026-03-18T12:22,0.2
2026-03-18T18:24,3.9
2026-03-19T00:32,0.2
2026-03-19T06:37,4.1
2026-03-19T12:52,0.0
2026-03-19T18:55,4.1
2026-03-20T01:05,0.0
2026-03-20T07:09,4.1
2026-03-20T13:24,-0.1
2026-03-20T19:28,4.2
2026-03-21T01:40,0.0
2026-03-21T07:44,4.1
2026-03-21T13:58,0.0
2026-03-21T20:03,4.2
2026-03-22T02:17,0.1
2026-03-22T08:22,4.0
2026-03-22T14:34,0.1
2026-03-22T20:43,4.0
2026-03-23T02:59,0.3
2026-03-23T09:05,3.7
2026-03-23T15:15,0.4
2026-03-23T21:29,3.8
2026-03-24T03:47,0.6
2026-03-24T09:56,3.4
2026-03-24T16:03,0.7
2026-03-24T22:26,3.5
2026-03-25T04:48,1.0
2026-03-25T11:00,3.0
2026-03-25T17:05,1.1
2026-03-25T23:37,3.2
2026-03-26T06:06,1.3
2026-03-26T12:21,2.7
2026-03-26T18:29,1.4
2026-03-27T01:06,3.1
2026-03-27T07:48,1.4
2026-03-27T14:03,2.7
2026-03-27T20:16,1.4
2026-03-28T02:46,3.1
2026-03-28T09:28,1.2
2026-03-28T15:40,2.9
2026-03-28T21:45,1.1
2026-03-29T04:00,3.4
2026-03-29T10:29,0.9
2026-03-29T16:37,3.2
2026-03-29T22:40,0.8
2026-03-30T04:49,3.6
2026-03-30T11:10,0.6
2026-03-30T17:18,3.5
2026-03-30T23:21,0.5
2026-03-31T05:28,3.8
2026-03-31T11:45,0.4
2026-03-31T17:52,3.7
2026-03-31T23:58,0.3
2026-04-01T06:02,3.9
2026-04-01T12:16,0.2
2026-04-01T18:24,3.9
2026-04-02T00:32,0.2
2026-04-02T06:35,3.9
2026-04-02T12:47,0.2
2026-04-02T18:56,4.0
2026-04-03T01:05,0.2
2026-04-03T07:07,3.9
2026-04-03T13:16,0.2
2026-04-03T19:26,3.9
2026-04-04T01:37,0.2
2026-04-04T07:38,3.8
2026-04-04T13:45,0.3
2026-04-04T19:56,3.9
2026-04-05T02:08,0.4
2026-04-05T08:09,3.6
2026-04-05T14:13,0.5
2026-04-05T20:27,3.7
2026-04-06T02:41,0.6
2026-04-06T08:41,3.4
2026-04-06T14:42,0.7
2026-04-06T20:59,3.5
2026-04-07T03:15,0.9
2026-04-07T09:15,3.2
2026-04-07T15:14,0.9
2026-04-07T21:36,3.3
2026-04-08T03:56,1.1
2026-04-08T09:56,2.9
2026-04-08T15:51,1.2
2026-04-08T22:24,3.1
2026-04-09T04:49,1.4
2026-04-09T10:52,2.7
2026-04-09T16:44,1.4
2026-04-09T23:25,2.9
2026-04-10T06:01,1.6
2026-04-10T12:07,2.5
2026-04-10T18:04,1.6
2026-04-11T00:46,2.8
2026-04-11T07:28,1.6
2026-04-11T13:41,2.5
2026-04-11T19:53,1.6
2026-04-12T02:28,2.9
2026-04-12T09:06,1.4
2026-04-12T15:09,2.7
2026-04-12T21:21,1.4
2026-04-13T03:33,3.1
2026-04-13T09:59,1.1
2026-04-13T16:03,3.0
2026-04-13T22:12,1.1
2026-04-14T04:18,3.3
2026-04-14T10:37,0.8
2026-04-14T16:42,3.3
2026-04-14T22:52,0.7
2026-04-15T04:55,3.6
2026-04-15T11:12,0.4
2026-04-15T17:17,3.7
2026-04-15T23:28,0.4
2026-04-16T05:30,3.8
2026-04-16T11:46,0.2
2026-04-16T17:51,3.9
2026-04-17T00:04,0.2
2026-04-17T06:06,4.0
2026-04-17T12:20,0.0
2026-04-17T18:26,4.2
2026-04-18T00:41,0.0
2026-04-18T06:43,4.0
2026-04-18T12:56,-0.1
2026-04-18T19:03,4.3
2026-04-19T01:19,0.0
2026-04-19T07:22,4.0
2026-04-19T13:33,0.0
2026-04-19T19:43,4.2
2026-04-20T02:01,0.1
2026-04-20T08:06,3.8
2026-04-20T14:15,0.2
2026-04-20T20:29,4.1
2026-04-21T02:49,0.3
2026-04-21T08:56,3.6
2026-04-21T15:01,0.4
2026-04-21T21:22,3.8
2026-04-22T03:44,0.6
2026-04-22T09:55,3.3
2026-04-22T15:56,0.8
2026-04-22T22:23,3.6
2026-04-23T04:49,0.9
2026-04-23T11:02,3.0
2026-04-23T17:03,1.1
2026-04-23T23:34,3.3
2026-04-24T06:05,1.2
2026-04-24T12:19,2.8
2026-04-24T18:24,1.3
2026-04-25T00:55,3.1
2026-04-25T07:35,1.2
2026-04-25T13:50,2.8
2026-04-25T19:59,1.3
2026-04-26T02:21,3.2
2026-04-26T08:58,1.1
2026-04-26T15:11,3.0
2026-04-26T21:18,1.1
2026-04-27T03:28,3.3
2026-04-27T09:54,0.9
2026-04-27T16:06,3.2
2026-04-27T22:12,0.8
2026-04-28T04:17,3.4
2026-04-28T10:36,0.7
2026-04-28T16:48,3.4
2026-04-28T22:55,0.6
2026-04-29T04:58,3.5
2026-04-29T11:12,0.5
2026-04-29T17:24,3.6
2026-04-29T23:33,0.5
2026-04-30T05:34,3.6
2026-04-30T11:46,0.4
2026-04-30T17:58,3.8
2026-05-01T00:08,0.4
2026-05-01T06:08,3.6
2026-05-01T12:17,0.4
2026-05-01T18:30,3.8
2026-05-02T00:42,0.4
2026-05-02T06:41,3.6
2026-05-02T12:48,0.4
2026-05-02T19:02,3.8
2026-05-03T01:14,0.5
2026-05-03T07:14,3.5
2026-05-03T13:18,0.5
2026-05-03T19:33,3.8
2026-05-04T01:47,0.6
2026-05-04T07:47,3.4
2026-05-04T13:48,0.6
2026-05-04T20:05,3.7
2026-05-05T02:21,0.7
2026-05-05T08:21,3.3
2026-05-05T14:19,0.8
2026-05-05T20:39,3.6
2026-05-06T02:58,0.9
2026-05-06T08:58,3.1
2026-05-06T14:54,0.9
2026-05-06T21:19,3.4
2026-05-07T03:41,1.1
2026-05-07T09:41,3.0
2026-05-07T15:35,1.1
2026-05-07T22:06,3.2
2026-05-08T04:32,1.2
2026-05-08T10:34,2.8
2026-05-08T16:27,1.3
2026-05-08T23:03,3.0
2026-05-09T05:32,1.4
2026-05-09T11:37,2.7
2026-05-09T17:35,1.5
2026-05-10T00:11,2.9
2026-05-10T06:43,1.4
2026-05-10T12:51,2.7
2026-05-10T18:57,1.5
2026-05-11T01:25,2.9
2026-05-11T07:56,1.3
2026-05-11T14:05,2.8
2026-05-11T20:18,1.3
2026-05-12T02:31,3.1
2026-05-12T08:56,1.0
2026-05-12T15:06,3.1
2026-05-12T21:21,1.1
2026-05-13T03:24,3.2
2026-05-13T09:45,0.8
2026-05-13T15:54,3.4
2026-05-13T22:10,0.8
2026-05-14T04:11,3.5
2026-05-14T10:29,0.5
2026-05-14T16:37,3.7
2026-05-14T22:54,0.5
2026-05-15T04:54,3.6
2026-05-15T11:10,0.3
2026-05-15T17:19,3.9
2026-05-15T23:37,0.3
2026-05-16T05:37,3.8
2026-05-16T11:51,0.2
2026-05-16T18:01,4.1
2026-05-17T00:20,0.2
2026-05-17T06:22,3.8
2026-05-17T12:33,0.1
2026-05-17T18:45,4.2
2026-05-18T01:05,0.1
2026-05-18T07:09,3.8
2026-05-18T13:17,0.1
2026-05-18T19:31,4.2
2026-05-19T01:53,0.2
2026-05-19T07:59,3.7
2026-05-19T14:04,0.3
2026-05-19T20:23,4.1
2026-05-20T02:46,0.4
2026-05-20T08:55,3.5
2026-05-20T14:56,0.5
2026-05-20T21:18,3.9
2026-05-21T03:43,0.6
2026-05-21T09:54,3.3
2026-05-21T15:53,0.7
2026-05-21T22:18,3.7
2026-05-22T04:44,0.8
2026-05-22T10:55,3.1
2026-05-22T16:55,0.9
2026-05-22T23:21,3.5
2026-05-23T05:48,0.9
2026-05-23T12:02,3.0
2026-05-23T18:05,1.1
2026-05-24T00:29,3.3
2026-05-24T06:58,1.0
2026-05-24T13:14,2.9
2026-05-24T19:22,1.2
2026-05-25T01:39,3.2
2026-05-25T08:07,1.0
2026-05-25T14:25,3.0
2026-05-25T20:36,1.1
2026-05-26T02:43,3.1
2026-05-26T09:06,1.0
2026-05-26T15:24,3.2
2026-05-26T21:36,1.0
2026-05-27T03:38,3.2
2026-05-27T09:55,0.9
2026-05-27T16:13,3.3
2026-05-27T22:25,0.9
2026-05-28T04:25,3.2
2026-05-28T10:38,0.8
2026-05-28T16:55,3.5
2026-05-28T23:08,0.8
2026-05-29T05:07,3.3
2026-05-29T11:17,0.7
2026-05-29T17:34,3.6
2026-05-29T23:47,0.7
2026-05-30T05:46,3.3
2026-05-30T11:52,0.7
2026-05-30T18:10,3.7
2026-05-31T00:23,0.7
2026-05-31T06:22,3.4
2026-05-31T12:26,0.7
2026-05-31T18:44,3.7
2026-06-01T00:58,0.7
2026-06-01T06:57,3.4
2026-06-01T12:59,0.7
2026-06-01T19:17,3.7
2026-06-02T01:33,0.7
2026-06-02T07:32,3.3
2026-06-02T13:32,0.7
2026-06-02T19:51,3.7
2026-06-03T02:08,0.8
2026-06-03T08:07,3.3
2026-06-03T14:06,0.8
2026-06-03T20:26,3.6
2026-06-04T02:46,0.8
2026-06-04T08:45,3.2
2026-06-04T14:43,0.9
2026-06-04T21:04,3.5
2026-06-05T03:27,0.9
2026-06-05T09:26,3.1
2026-06-05T15:23,1.0
2026-06-05T21:47,3.4
2026-06-06T04:11,1.0
2026-06-06T10:12,3.0
2026-06-06T16:10,1.1
2026-06-06T22:34,3.3
2026-06-07T05:00,1.1
2026-06-07T11:05,2.9
2026-06-07T17:05,1.2
2026-06-07T23:29,3.1
2026-06-08T05:55,1.1
2026-06-08T12:04,2.9
2026-06-08T18:09,1.3
2026-06-09T00:30,3.1
2026-06-09T06:55,1.1
2026-06-09T13:08,3.0
2026-06-09T19:20,1.2
2026-06-10T01:32,3.1
2026-06-10T07:56,1.0
2026-06-10T14:10,3.1
2026-06-10T20:28,1.1
2026-06-11T02:32,3.2
2026-06-11T08:54,0.9
2026-06-11T15:08,3.4
2026-06-11T21:29,0.9
2026-06-12T03:30,3.3
2026-06-12T09:48,0.7
2026-06-12T16:02,3.6
2026-06-12T22:25,0.7
2026-06-13T04:25,3.4
2026-06-13T10:41,0.5
2026-06-13T16:54,3.8
2026-06-13T23:17,0.5
2026-06-14T05:19,3.6
2026-06-14T11:31,0.4
2026-06-14T17:45,4.1
2026-06-15T00:08,0.4
2026-06-15T06:11,3.7
2026-06-15T12:20,0.3
2026-06-15T18:35,4.2
2026-06-16T00:58,0.3
2026-06-16T07:03,3.7
2026-06-16T13:09,0.2
2026-06-16T19:25,4.3
2026-06-17T01:48,0.2
2026-06-17T07:55,3.7
2026-06-17T13:58,0.3
2026-06-17T20:16,4.2
2026-06-18T02:40,0.3
2026-06-18T08:47,3.6
2026-06-18T14:48,0.4
2026-06-18T21:08,4.1
2026-06-19T03:31,0.4
2026-06-19T09:40,3.5
2026-06-19T15:40,0.5
2026-06-19T22:01,3.9
2026-06-20T04:23,0.6
2026-06-20T10:34,3.4
2026-06-20T16:34,0.7
2026-06-20T22:55,3.6
2026-06-21T05:15,0.8
2026-06-21T11:29,3.2
2026-06-21T17:32,0.9
2026-06-21T23:51,3.4
2026-06-22T06:10,0.9
2026-06-22T12:28,3.1
2026-06-22T18:36,1.1
2026-06-23T00:50,3.1
2026-06-23T07:09,1.1
2026-06-23T13:31,3.0
2026-06-23T19:45,1.2
2026-06-24T01:52,3.0
2026-06-24T08:10,1.2
2026-06-24T14:36,3.1
2026-06-24T20:53,1.3
2026-06-25T02:54,2.9
2026-06-25T09:11,1.2
2026-06-25T15:37,3.1
2026-06-25T21:55,1.2
2026-06-26T03:52,3.0
2026-06-26T10:06,1.1
2026-06-26T16:30,3.3
2026-06-26T22:47,1.1
2026-06-27T04:45,3.0
2026-06-27T10:54,1.0
2026-06-27T17:15,3.4
2026-06-27T23:31,1.0
2026-06-28T05:29,3.1
2026-06-28T11:35,0.9
2026-06-28T17:55,3.6
2026-06-29T00:10,0.9
2026-06-29T06:09,3.2
2026-06-29T12:12,0.8
2026-06-29T18:30,3.7
2026-06-30T00:46,0.8
2026-06-30T06:44,3.3
2026-06-30T12:46,0.8
2026-06-30T19:04,3.8
2026-07-01T01:20,0.8
2026-07-01T07:18,3.4
2026-07-01T13:20,0.7
2026-07-01T19:36,3.8
2026-07-02T01:54,0.7
2026-07-02T07:52,3.4
2026-07-02T13:53,0.7
2026-07-02T20:09,3.8
2026-07-03T02:29,0.7
2026-07-03T08:27,3.4
2026-07-03T14:28,0.7
2026-07-03T20:44,3.7
2026-07-04T03:05,0.7
2026-07-04T09:04,3.4
2026-07-04T15:05,0.7
2026-07-04T21:21,3.6
2026-07-05T03:43,0.7
2026-07-05T09:44,3.3
2026-07-05T15:46,0.8
2026-07-05T22:02,3.5
2026-07-06T04:24,0.8
2026-07-06T10:28,3.3
2026-07-06T16:32,1.0
2026-07-06T22:48,3.4
2026-07-07T05:10,0.9
2026-07-07T11:19,3.2
2026-07-07T17:26,1.1
2026-07-07T23:41,3.2
2026-07-08T06:02,1.0
2026-07-08T12:18,3.2
2026-07-08T18:31,1.2
2026-07-09T00:43,3.1
2026-07-09T07:03,1.0
2026-07-09T13:23,3.2
2026-07-09T19:43,1.2
2026-07-10T01:50,3.1
2026-07-10T08:10,1.0
2026-07-10T14:31,3.3
2026-07-10T20:57,1.1
2026-07-11T03:00,3.1
2026-07-11T09:19,1.0
2026-07-11T15:40,3.5
2026-07-11T22:08,1.0
2026-07-12T04:10,3.3
2026-07-12T10:25,0.8
2026-07-12T16:43,3.7
2026-07-12T23:10,0.7
2026-07-13T05:13,3.4
2026-07-13T11:23,0.6
2026-07-13T17:39,4.0
2026-07-14T00:04,0.5
2026-07-14T06:07,3.6
2026-07-14T12:14,0.4
2026-07-14T18:29,4.2
2026-07-15T00:52,0.3
2026-07-15T06:56,3.8
2026-07-15T13:01,0.2
2026-07-15T19:16,4.3
2026-07-16T01:38,0.2
2026-07-16T07:43,3.8
2026-07-16T13:47,0.2
2026-07-16T20:01,4.3
2026-07-17T02:23,0.2
2026-07-17T08:29,3.8
2026-07-17T14:32,0.2
2026-07-17T20:47,4.2
2026-07-18T03:07,0.3
2026-07-18T09:15,3.7
2026-07-18T15:17,0.4
2026-07-18T21:32,4.0
2026-07-19T03:50,0.4
2026-07-19T10:00,3.6
2026-07-19T16:03,0.6
2026-07-19T22:18,3.7
2026-07-20T04:32,0.7
2026-07-20T10:47,3.4
2026-07-20T16:52,0.9
2026-07-20T23:05,3.4
2026-07-21T05:17,0.9
2026-07-21T11:38,3.2
2026-07-21T17:46,1.1
2026-07-21T23:57,3.1
2026-07-22T06:07,1.2
2026-07-22T12:36,3.0
2026-07-22T18:50,1.4
2026-07-23T00:57,2.9
2026-07-23T07:09,1.4
2026-07-23T13:45,2.9
2026-07-23T20:07,1.5
2026-07-24T02:07,2.7
2026-07-24T08:24,1.5
2026-07-24T15:02,3.0
2026-07-24T21:27,1.5
2026-07-25T03:23,2.8
2026-07-25T09:39,1.4
2026-07-25T16:10,3.1
2026-07-25T22:32,1.4
2026-07-26T04:28,2.9
2026-07-26T10:38,1.3
2026-07-26T17:01,3.3
2026-07-26T23:19,1.2
2026-07-27T05:16,3.1
2026-07-27T11:22,1.1
2026-07-27T17:40,3.5
2026-07-27T23:57,1.0
2026-07-28T05:55,3.2
2026-07-28T11:59,0.9
2026-07-28T18:14,3.7
2026-07-29T00:31,0.8
2026-07-29T06:28,3.4
2026-07-29T12:32,0.7
2026-07-29T18:45,3.8
2026-07-30T01:02,0.7
2026-07-30T07:00,3.5
2026-07-30T13:03,0.6
2026-07-30T19:15,3.9
2026-07-31T01:33,0.5
2026-07-31T07:31,3.6
2026-07-31T13:35,0.5
2026-07-31T19:46,4.0
2026-08-01T02:04,0.5
2026-08-01T08:02,3.7
2026-08-01T14:07,0.5
2026-08-01T20:17,3.9
2026-08-02T02:36,0.4
2026-08-02T08:35,3.7
2026-08-02T14:41,0.5
2026-08-02T20:50,3.8
2026-08-03T03:09,0.5
2026-08-03T09:11,3.6
2026-08-03T15:18,0.6
2026-08-03T21:27,3.7
2026-08-04T03:46,0.6
2026-08-04T09:51,3.5
2026-08-04T16:00,0.8
2026-08-04T22:09,3.5
2026-08-05T04:28,0.8
2026-08-05T10:38,3.4
2026-08-05T16:49,1.0
2026-08-05T23:00,3.3
2026-08-06T05:18,1.0
2026-08-06T11:37,3.3
2026-08-06T17:53,1.2
2026-08-07T00:05,3.1
2026-08-07T06:23,1.2
2026-08-07T12:50,3.2
2026-08-07T19:13,1.4
2026-08-08T01:23,2.9
2026-08-08T07:42,1.3
2026-08-08T14:12,3.2
2026-08-08T20:44,1.3
2026-08-09T02:51,3.0
2026-08-09T09:09,1.2
2026-08-09T15:35,3.4
2026-08-09T22:08,1.1
2026-08-10T04:12,3.2
2026-08-10T10:23,0.9
2026-08-10T16:41,3.7
2026-08-10T23:09,0.8
2026-08-11T05:12,3.4
2026-08-11T11:20,0.6
2026-08-11T17:33,4.0
2026-08-11T23:58,0.5
2026-08-12T06:01,3.7
2026-08-12T12:06,0.3
2026-08-12T18:18,4.3
2026-08-13T00:40,0.2
2026-08-13T06:43,3.9
2026-08-13T12:49,0.1
2026-08-13T18:59,4.4
2026-08-14T01:19,0.1
2026-08-14T07:23,4.0
2026-08-14T13:29,0.1
2026-08-14T19:39,4.4
2026-08-15T01:57,0.1
2026-08-15T08:02,4.0
2026-08-15T14:08,0.1
2026-08-15T20:18,4.2
2026-08-16T02:34,0.2
2026-08-16T08:41,3.9
2026-08-16T14:48,0.3
2026-08-16T20:57,4.0
2026-08-17T03:10,0.4
2026-08-17T09:21,3.8
2026-08-17T15:27,0.5
2026-08-17T21:36,3.7
2026-08-18T03:46,0.7
2026-08-18T10:01,3.5
2026-08-18T16:09,0.9
2026-08-18T22:17,3.4
2026-08-19T04:23,1.0
2026-08-19T10:46,3.3
2026-08-19T16:56,1.2
2026-08-19T23:04,3.0
2026-08-20T05:07,1.3
2026-08-20T11:41,3.0
2026-08-20T17:55,1.5
2026-08-21T00:02,2.8
2026-08-21T06:06,1.5
2026-08-21T12:47,2.9
2026-08-21T19:17,1.7
2026-08-22T01:19,2.6
2026-08-22T07:33,1.7
2026-08-22T14:14,2.9
2026-08-22T20:56,1.7
2026-08-23T02:56,2.6
2026-08-23T09:17,1.6
2026-08-23T15:51,3.0
2026-08-23T22:17,1.5
2026-08-24T04:12,2.8
2026-08-24T10:23,1.4
2026-08-24T16:42,3.3
2026-08-24T23:02,1.2
2026-08-25T04:59,3.1
2026-08-25T11:05,1.1
2026-08-25T17:19,3.5
2026-08-25T23:36,1.0
2026-08-26T05:34,3.3
2026-08-26T11:39,0.9
2026-08-26T17:50,3.8
2026-08-27T00:07,0.7
2026-08-27T06:05,3.5
2026-08-27T12:10,0.7
2026-08-27T18:19,3.9
2026-08-28T00:35,0.5
2026-08-28T06:34,3.7
2026-08-28T12:40,0.5
2026-08-28T18:48,4.0
2026-08-29T01:04,0.4
2026-08-29T07:03,3.9
2026-08-29T13:10,0.3
2026-08-29T19:17,4.1
2026-08-30T01:33,0.3
2026-08-30T07:33,3.9
2026-08-30T13:42,0.3
2026-08-30T19:47,4.1
2026-08-31T02:03,0.2
2026-08-31T08:04,4.0
2026-08-31T14:15,0.3
2026-08-31T20:19,4.0
2026-09-01T02:36,0.3
2026-09-01T08:39,3.9
2026-09-01T14:51,0.5
2026-09-01T20:56,3.8
2026-09-02T03:12,0.5
2026-09-02T09:18,3.8
2026-09-02T15:32,0.7
2026-09-02T21:38,3.6
2026-09-03T03:53,0.7
2026-09-03T10:07,3.6
2026-09-03T16:24,1.0
2026-09-03T22:32,3.3
2026-09-04T04:46,1.0
2026-09-04T11:11,3.3
2026-09-04T17:33,1.3
2026-09-04T23:46,3.0
2026-09-05T05:59,1.3
2026-09-05T12:34,3.2
2026-09-05T19:04,1.5
2026-09-06T01:18,2.8
2026-09-06T07:34,1.4
2026-09-06T14:09,3.2
2026-09-06T20:50,1.4
2026-09-07T02:58,2.9
2026-09-07T09:12,1.3
2026-09-07T15:36,3.4
2026-09-07T22:10,1.1
2026-09-08T04:15,3.2
2026-09-08T10:22,0.9
2026-09-08T16:35,3.8
2026-09-08T23:01,0.7
2026-09-09T05:06,3.5
2026-09-09T11:11,0.6
2026-09-09T17:20,4.0
2026-09-09T23:42,0.4
2026-09-10T05:46,3.8
2026-09-10T11:52,0.3
2026-09-10T17:59,4.2
2026-09-11T00:18,0.2
2026-09-11T06:23,4.0
2026-09-11T12:30,0.1
2026-09-11T18:36,4.3
2026-09-12T00:52,0.1
2026-09-12T06:58,4.1
2026-09-12T13:06,0.1
2026-09-12T19:11,4.3
2026-09-13T01:26,0.1
2026-09-13T07:32,4.1
2026-09-13T13:42,0.2
2026-09-13T19:46,4.1
2026-09-14T01:58,0.2
2026-09-14T08:07,4.0
2026-09-14T14:17,0.3
2026-09-14T20:21,3.9
2026-09-15T02:30,0.5
2026-09-15T08:41,3.9
2026-09-15T14:53,0.6
2026-09-15T20:56,3.6
2026-09-16T03:02,0.7
2026-09-16T09:17,3.6
2026-09-16T15:30,0.9
2026-09-16T21:33,3.3
2026-09-17T03:35,1.0
2026-09-17T09:58,3.4
2026-09-17T16:13,1.3
2026-09-17T22:16,3.0
2026-09-18T04:14,1.3
2026-09-18T10:51,3.1
2026-09-18T17:09,1.6
2026-09-18T23:14,2.8
2026-09-19T05:11,1.6
2026-09-19T11:52,2.9
2026-09-19T18:30,1.8
2026-09-20T00:35,2.6
2026-09-20T06:40,1.8
2026-09-20T13:22,2.8
2026-09-20T20:04,1.8
2026-09-21T02:20,2.6
2026-09-21T08:42,1.7
2026-09-21T15:16,3.0
2026-09-21T21:48,1.5
2026-09-22T03:45,2.8
2026-09-22T09:55,1.5
2026-09-22T16:10,3.3
2026-09-22T22:31,1.2
2026-09-23T04:31,3.1
2026-09-23T10:37,1.2
2026-09-23T16:47,3.5
2026-09-23T23:04,1.0
2026-09-24T05:04,3.4
2026-09-24T11:11,0.9
2026-09-24T17:18,3.7
2026-09-24T23:33,0.7
2026-09-25T05:34,3.7
2026-09-25T11:42,0.6
2026-09-25T17:47,3.9
2026-09-26T00:02,0.4
2026-09-26T06:03,3.9
2026-09-26T12:12,0.4
2026-09-26T18:16,4.1
2026-09-27T00:31,0.3
2026-09-27T06:33,4.1
2026-09-27T12:44,0.3
2026-09-27T18:46,4.1
2026-09-28T01:01,0.2
2026-09-28T07:03,4.2
2026-09-28T13:16,0.2
2026-09-28T19:18,4.1
2026-09-29T01:33,0.2
2026-09-29T07:37,4.2
2026-09-29T13:51,0.3
2026-09-29T19:54,4.0
2026-09-30T02:07,0.3
2026-09-30T08:14,4.1
2026-09-30T14:30,0.4
2026-09-30T20:33,3.8
2026-10-01T02:46,0.5
2026-10-01T08:57,3.9
2026-10-01T15:16,0.7
2026-10-01T21:22,3.5
2026-10-02T03:32,0.8
2026-10-02T09:52,3.7
2026-10-02T16:14,1.1
2026-10-02T22:25,3.2
2026-10-03T04:32,1.2
2026-10-03T11:04,3.4
2026-10-03T17:31,1.4
2026-10-03T23:46,2.9
2026-10-04T05:53,1.4
2026-10-04T12:30,3.2
2026-10-04T19:06,1.5
2026-10-05T01:21,2.8
2026-10-05T07:34,1.5
2026-10-05T14:05,3.3
2026-10-05T20:47,1.3
2026-10-06T02:58,3.0
2026-10-06T09:07,1.3
2026-10-06T15:24,3.5
2026-10-06T21:55,1.0
2026-10-07T04:03,3.3
2026-10-07T10:08,0.9
2026-10-07T16:17,3.7
2026-10-07T22:40,0.7
2026-10-08T04:47,3.6
2026-10-08T10:53,0.6
2026-10-08T16:59,3.9
2026-10-08T23:17,0.5
2026-10-09T05:24,3.9
2026-10-09T11:32,0.4
2026-10-09T17:36,4.1
2026-10-09T23:51,0.3
2026-10-10T05:59,4.1
2026-10-10T12:08,0.3
2026-10-10T18:11,4.1
2026-10-11T00:24,0.3
2026-10-11T06:32,4.1
2026-10-11T12:43,0.2
2026-10-11T18:45,4.1
2026-10-12T00:55,0.3
2026-10-12T07:05,4.1
2026-10-12T13:17,0.3
2026-10-12T19:18,3.9
2026-10-13T01:26,0.4
2026-10-13T07:37,4.1
2026-10-13T13:51,0.5
2026-10-13T19:51,3.8
2026-10-14T01:57,0.6
2026-10-14T08:10,3.9
2026-10-14T14:25,0.7
2026-10-14T20:25,3.5
2026-10-15T02:28,0.8
2026-10-15T08:45,3.7
2026-10-15T15:01,1.0
2026-10-15T21:01,3.3
2026-10-16T03:01,1.1
2026-10-16T09:24,3.5
2026-10-16T15:44,1.3
2026-10-16T21:44,3.1
2026-10-17T03:40,1.3
2026-10-17T10:15,3.2
2026-10-17T16:38,1.5
2026-10-17T22:41,2.8
2026-10-18T04:34,1.6
2026-10-18T11:16,3.0
2026-10-18T17:49,1.7
2026-10-18T23:55,2.7
2026-10-19T05:54,1.8
2026-10-19T12:36,2.9
2026-10-19T19:17,1.7
2026-10-20T01:26,2.7
2026-10-20T07:38,1.8
2026-10-20T14:14,3.0
2026-10-20T20:48,1.5
2026-10-21T02:52,2.8
2026-10-21T09:05,1.5
2026-10-21T15:18,3.2
2026-10-21T21:41,1.3
2026-10-22T03:46,3.1
2026-10-22T09:56,1.3
2026-10-22T16:01,3.4
2026-10-22T22:19,1.0
2026-10-23T04:24,3.4
2026-10-23T10:34,1.0
2026-10-23T16:37,3.6
2026-10-23T22:52,0.7
2026-10-24T04:57,3.7
2026-10-24T11:09,0.7
2026-10-24T17:11,3.8
2026-10-24T23:25,0.5
2026-10-25T05:30,4.0
2026-10-25T11:43,0.5
2026-10-25T17:44,4.0
2026-10-25T23:58,0.3
2026-10-26T06:03,4.2
2026-10-26T12:18,0.3
2026-10-26T18:19,4.1
2026-10-27T00:32,0.2
2026-10-27T06:38,4.3
2026-10-27T12:55,0.2
2026-10-27T18:56,4.1
2026-10-28T01:08,0.2
2026-10-28T07:17,4.3
2026-10-28T13:35,0.3
2026-10-28T19:38,4.0
2026-10-29T01:48,0.3
2026-10-29T07:59,4.2
2026-10-29T14:20,0.5
2026-10-29T20:25,3.8
2026-10-30T02:33,0.6
2026-10-30T08:50,4.0
2026-10-30T15:13,0.7
2026-10-30T21:21,3.5
2026-10-31T03:25,0.8
2026-10-31T09:50,3.8
2026-10-31T16:16,1.0
2026-10-31T22:28,3.2
2026-11-01T04:30,1.1
2026-11-01T11:00,3.5
2026-11-01T17:29,1.2
2026-11-01T23:44,3.0
2026-11-02T05:48,1.4
2026-11-02T12:18,3.4
2026-11-02T18:53,1.3
2026-11-03T01:09,3.0
2026-11-03T07:18,1.4
2026-11-03T13:42,3.3
2026-11-03T20:17,1.2
2026-11-04T02:32,3.1
2026-11-04T08:41,1.2
2026-11-04T14:54,3.4
2026-11-04T21:20,1.0
2026-11-05T03:34,3.4
2026-11-05T09:42,1.0
2026-11-05T15:48,3.6
2026-11-05T22:07,0.8
2026-11-06T04:20,3.6
2026-11-06T10:29,0.8
2026-11-06T16:32,3.7
2026-11-06T22:47,0.7
2026-11-07T04:59,3.8
2026-11-07T11:10,0.6
2026-11-07T17:11,3.8
2026-11-07T23:23,0.6
2026-11-08T05:36,4.0
2026-11-08T11:48,0.5
2026-11-08T17:48,3.8
2026-11-08T23:57,0.5
2026-11-09T06:10,4.0
2026-11-09T12:23,0.5
2026-11-09T18:23,3.8
2026-11-10T00:30,0.6
2026-11-10T06:44,4.1
2026-11-10T12:58,0.6
2026-11-10T18:58,3.7
2026-11-11T01:02,0.6
2026-11-11T07:17,4.0
2026-11-11T13:32,0.7
2026-11-11T19:32,3.6
2026-11-12T01:34,0.7
2026-11-12T07:51,3.9
2026-11-12T14:07,0.8
2026-11-12T20:06,3.5
2026-11-13T02:07,0.9
2026-11-13T08:26,3.8
2026-11-13T14:44,1.0
2026-11-13T20:43,3.3
2026-11-14T02:41,1.1
2026-11-14T09:04,3.6
2026-11-14T15:26,1.2
2026-11-14T21:26,3.2
2026-11-15T03:21,1.2
2026-11-15T09:49,3.4
2026-11-15T16:14,1.4
2026-11-15T22:16,3.0
2026-11-16T04:11,1.4
2026-11-16T10:44,3.2
2026-11-16T17:11,1.5
2026-11-16T23:16,2.9
2026-11-17T05:14,1.6
2026-11-17T11:49,3.1
2026-11-17T18:18,1.5
2026-11-18T00:27,2.8
2026-11-18T06:32,1.7
2026-11-18T13:01,3.0
2026-11-18T19:30,1.5
2026-11-19T01:42,2.9
2026-11-19T07:54,1.6
2026-11-19T14:09,3.1
2026-11-19T20:33,1.3
2026-11-20T02:45,3.1
2026-11-20T09:00,1.4
2026-11-20T15:04,3.3
2026-11-20T21:24,1.1
2026-11-21T03:35,3.4
2026-11-21T09:51,1.1
2026-11-21T15:51,3.5
2026-11-21T22:07,0.8
2026-11-22T04:18,3.7
2026-11-22T10:35,0.8
2026-11-22T16:34,3.7
2026-11-22T22:49,0.6
2026-11-23T04:58,4.0
2026-11-23T11:17,0.6
2026-11-23T17:17,3.8
2026-11-23T23:29,0.5
2026-11-24T05:39,4.2
2026-11-24T11:58,0.4
2026-11-24T18:00,3.9
2026-11-25T00:10,0.3
2026-11-25T06:22,4.3
2026-11-25T12:42,0.4
2026-11-25T18:44,3.9
2026-11-26T00:53,0.3
2026-11-26T07:06,4.4
2026-11-26T13:28,0.4
2026-11-26T19:32,3.9
2026-11-27T01:39,0.4
2026-11-27T07:54,4.3
2026-11-27T14:18,0.5
2026-11-27T20:24,3.8
2026-11-28T02:28,0.5
2026-11-28T08:47,4.2
2026-11-28T15:12,0.6
2026-11-28T21:21,3.6
2026-11-29T03:22,0.7
2026-11-29T09:45,4.0
2026-11-29T16:10,0.8
2026-11-29T22:21,3.4
2026-11-30T04:22,0.9
2026-11-30T10:46,3.7
2026-11-30T17:12,1.0
2026-11-30T23:26,3.3
2026-12-01T05:29,1.1
2026-12-01T11:52,3.5
2026-12-01T18:18,1.1
2026-12-02T00:36,3.2
2026-12-02T06:43,1.3
2026-12-02T13:02,3.4
2026-12-02T19:28,1.2
2026-12-03T01:48,3.2
2026-12-03T08:00,1.3
2026-12-03T14:10,3.3
2026-12-03T20:32,1.1
2026-12-04T02:53,3.3
2026-12-04T09:07,1.2
2026-12-04T15:10,3.3
2026-12-04T21:28,1.1
2026-12-05T03:48,3.5
2026-12-05T10:03,1.1
2026-12-05T16:03,3.3
2026-12-05T22:17,1.0
2026-12-06T04:36,3.6
2026-12-06T10:50,1.0
2026-12-06T16:49,3.4
2026-12-06T22:59,0.9
2026-12-07T05:18,3.8
2026-12-07T11:32,0.9
2026-12-07T17:31,3.5
2026-12-07T23:38,0.8
2026-12-08T05:56,3.9
2026-12-08T12:10,0.8
2026-12-08T18:09,3.5
2026-12-09T00:14,0.8
2026-12-09T06:31,3.9
2026-12-09T12:46,0.8
2026-12-09T18:45,3.5
2026-12-10T00:48,0.8
2026-12-10T07:05,3.9
2026-12-10T13:21,0.8
2026-12-10T19:20,3.5
2026-12-11T01:21,0.8
2026-12-11T07:39,3.9
2026-12-11T13:56,0.8
2026-12-11T19:54,3.5
2026-12-12T01:54,0.8
2026-12-12T08:12,3.8
2026-12-12T14:31,0.9
2026-12-12T20:30,3.4
2026-12-13T02:29,0.9
2026-12-13T08:48,3.7
2026-12-13T15:09,1.0
2026-12-13T21:08,3.3
2026-12-14T03:06,1.0
2026-12-14T09:26,3.6
2026-12-14T15:49,1.1
2026-12-14T21:49,3.2
2026-12-15T03:48,1.2
2026-12-15T10:09,3.4
2026-12-15T16:33,1.2
2026-12-15T22:37,3.1
2026-12-16T04:36,1.3
2026-12-16T10:58,3.3
2026-12-16T17:23,1.2
2026-12-16T23:32,3.1
2026-12-17T05:35,1.4
2026-12-17T11:56,3.2
2026-12-17T18:20,1.3
2026-12-18T00:35,3.1
2026-12-18T06:45,1.5
2026-12-18T13:00,3.1
2026-12-18T19:22,1.3
2026-12-19T01:40,3.1
2026-12-19T07:57,1.4
2026-12-19T14:04,3.1
2026-12-19T20:24,1.2
2026-12-20T02:42,3.3
2026-12-20T09:04,1.3
2026-12-20T15:05,3.2
2026-12-20T21:23,1.0
2026-12-21T03:40,3.6
2026-12-21T10:03,1.1
2026-12-21T16:03,3.4
2026-12-21T22:19,0.8
2026-12-22T04:34,3.8
2026-12-22T10:58,0.8
2026-12-22T16:59,3.6
2026-12-22T23:10,0.6
2026-12-23T05:25,4.1
2026-12-23T11:48,0.6
2026-12-23T17:50,3.7
2026-12-23T23:59,0.5
2026-12-24T06:14,4.3
2026-12-24T12:36,0.4
2026-12-24T18:40,3.9
2026-12-25T00:47,0.3
2026-12-25T07:01,4.4
2026-12-25T13:24,0.3
2026-12-25T19:29,3.9
2026-12-26T01:34,0.3
2026-12-26T07:49,4.4
2026-12-26T14:13,0.3
2026-12-26T20:19,3.9
2026-12-27T02:22,0.3
2026-12-27T08:38,4.4
2026-12-27T15:02,0.4
2026-12-27T21:09,3.8
2026-12-28T03:11,0.5
2026-12-28T09:29,4.2
2026-12-28T15:51,0.5
2026-12-28T22:01,3.7
2026-12-29T04:03,0.7
2026-12-29T10:21,3.9
2026-12-29T16:41,0.7
2026-12-29T22:55,3.5
2026-12-30T04:58,0.9
2026-12-30T11:16,3.6
2026-12-30T17:34,0.9
2026-12-30T23:52,3.3
2026-12-31T05:59,1.1
2026-12-31T12:14,3.3
2026-12-31T18:31,1.1
